match_number,red_agent,blue_agent,elo_red_after,elo_blue_after
1,joMcts.py,baselineTeam.py,1516.0,1484.0
2,baselineTeam.py,joMcts.py,1469.47,1530.53
3,priya_heu_2.py,priya_heu.py,1484.0,1516.0
4,priya_heu.py,priya_heu_2.py,1498.53,1501.47
5,joMcts.py,priya_heu.py,1513.06,1516.0
6,priya_heu.py,joMcts.py,1499.86,1529.2
7,HeuristicTeam.py,_joMcts_jia_.py,1484.0,1516.0
8,_joMcts_jia_.py,HeuristicTeam.py,1498.53,1501.47
9,joMcts.py,joAgent2.py,1511.85,1517.34
10,joAgent2.py,joMcts.py,1533.09,1496.11
11,joMcts.py,HeuristicTeam.py,1496.35,1501.22
12,HeuristicTeam.py,joMcts.py,1517.0,1480.58
13,joMcts.py,_joMcts_jia_.py,1497.4,1481.7
14,_joMcts_jia_.py,joMcts.py,1466.43,1512.68
15,priya_heu.py,_joMcts_jia_.py,1514.33,1451.96
16,_joMcts_jia_.py,priya_heu.py,1438.8,1527.49
17,priya_heu_2.py,joAgent.py,1517.4,1484.07
18,joAgent.py,priya_heu_2.py,1501.6,1499.87
19,baselineTeam.py,priya_heu.py,1456.12,1540.84
20,priya_heu.py,baselineTeam.py,1553.01,1443.94
21,priya_heu.py,HeuristicTeam.py,1567.36,1502.65
22,HeuristicTeam.py,priya_heu.py,1489.6,1580.42
23,priya_heu_2.py,joMcts.py,1484.46,1528.09
24,joMcts.py,priya_heu_2.py,1542.09,1470.46
25,joAgent.py,joMcts.py,1487.45,1556.24
26,joMcts.py,joAgent.py,1569.11,1474.58
27,joAgent2.py,priya_heu.py,1551.25,1562.25
28,priya_heu.py,joAgent2.py,1545.74,1567.76
29,joAgent.py,HeuristicTeam.py,1459.27,1504.91
30,HeuristicTeam.py,joAgent.py,1502.82,1461.36
31,priya_heu_2.py,joAgent2.py,1458.83,1579.39
32,joAgent2.py,priya_heu_2.py,1590.05,1448.17
33,baselineTeam.py,_joMcts_jia_.py,1427.71,1455.04
34,_joMcts_jia_.py,baselineTeam.py,1469.78,1412.96
35,priya_heu_2.py,_joMcts_jia_.py,1433.16,1484.79
36,_joMcts_jia_.py,priya_heu_2.py,1498.43,1419.52
37,priya_heu_2.py,HeuristicTeam.py,1407.29,1515.05
38,HeuristicTeam.py,priya_heu_2.py,1526.24,1396.09
39,joAgent.py,baselineTeam.py,1475.15,1399.18
40,baselineTeam.py,joAgent.py,1386.62,1487.7
41,priya_heu_2.py,baselineTeam.py,1411.66,1371.06
42,baselineTeam.py,priya_heu_2.py,1356.92,1425.8
43,baselineTeam.py,HeuristicTeam.py,1348.15,1535.01
44,HeuristicTeam.py,baselineTeam.py,1543.15,1340.01
45,joAgent2.py,baselineTeam.py,1596.19,1333.88
46,baselineTeam.py,joAgent2.py,1328.09,1601.98
47,joAgent2.py,HeuristicTeam.py,1615.29,1529.83
48,HeuristicTeam.py,joAgent2.py,1549.69,1595.44
49,joAgent.py,joAgent2.py,1476.51,1606.63
50,joAgent2.py,joAgent.py,1584.9,1498.24
51,joAgent2.py,_joMcts_jia_.py,1565.0,1518.33
52,_joMcts_jia_.py,joAgent2.py,1504.47,1578.86
53,joAgent.py,priya_heu.py,1516.41,1527.57
54,priya_heu.py,joAgent.py,1511.06,1532.93
55,joAgent.py,_joMcts_jia_.py,1547.62,1489.78
56,_joMcts_jia_.py,joAgent.py,1476.41,1560.98
1,baselineTeam.py,priya_heu.py,1319.82,1519.33
2,priya_heu.py,baselineTeam.py,1527.04,1312.11
3,joAgent2.py,HeuristicTeam.py,1561.52,1567.03
4,HeuristicTeam.py,joAgent2.py,1550.78,1577.78
5,baselineTeam.py,_joMcts_jia_.py,1303.16,1485.37
6,_joMcts_jia_.py,baselineTeam.py,1493.67,1294.86
7,priya_heu_2.py,joAgent.py,1415.73,1571.05
8,joAgent.py,priya_heu_2.py,1564.34,1422.44
9,priya_heu_2.py,joAgent2.py,1413.15,1587.06
10,joAgent2.py,priya_heu_2.py,1595.66,1404.55
11,priya_heu_2.py,_joMcts_jia_.py,1392.57,1505.65
12,_joMcts_jia_.py,priya_heu_2.py,1484.62,1413.6
13,joAgent.py,_joMcts_jia_.py,1576.73,1472.23
14,_joMcts_jia_.py,joAgent.py,1492.9,1556.06
15,joMcts.py,baselineTeam.py,1574.58,1289.39
16,baselineTeam.py,joMcts.py,1284.19,1579.77
17,joAgent2.py,_joMcts_jia_.py,1607.06,1481.5
18,_joMcts_jia_.py,joAgent2.py,1471.04,1617.52
19,joAgent.py,priya_heu.py,1570.72,1512.37
20,priya_heu.py,joAgent.py,1499.03,1584.06
21,priya_heu_2.py,baselineTeam.py,1423.9,1273.89
22,baselineTeam.py,priya_heu_2.py,1264.4,1433.39
23,joMcts.py,joAgent2.py,1565.5,1631.79
24,joAgent2.py,joMcts.py,1644.77,1552.52
25,joAgent.py,HeuristicTeam.py,1598.53,1536.3
26,HeuristicTeam.py,joAgent.py,1555.14,1579.7
27,priya_heu_2.py,joMcts.py,1422.67,1563.24
28,joMcts.py,priya_heu_2.py,1573.1,1412.81
29,HeuristicTeam.py,_joMcts_jia_.py,1535.34,1490.84
30,_joMcts_jia_.py,HeuristicTeam.py,1508.88,1517.3
31,priya_heu_2.py,priya_heu.py,1400.71,1511.14
32,priya_heu.py,priya_heu_2.py,1490.22,1421.63
33,priya_heu.py,HeuristicTeam.py,1491.46,1516.06
34,HeuristicTeam.py,priya_heu.py,1498.93,1508.59
35,joAgent2.py,baselineTeam.py,1647.99,1261.18
36,baselineTeam.py,joAgent2.py,1258.06,1651.11
37,joAgent.py,baselineTeam.py,1584.04,1253.72
38,baselineTeam.py,joAgent.py,1249.56,1588.2
39,priya_heu.py,_joMcts_jia_.py,1492.61,1524.87
40,_joMcts_jia_.py,priya_heu.py,1507.39,1510.09
41,priya_heu_2.py,HeuristicTeam.py,1409.13,1511.43
42,HeuristicTeam.py,priya_heu_2.py,1522.85,1397.71
43,joMcts.py,HeuristicTeam.py,1586.8,1509.14
44,HeuristicTeam.py,joMcts.py,1528.66,1567.28
45,joMcts.py,priya_heu.py,1580.67,1496.7
46,priya_heu.py,joMcts.py,1516.49,1560.88
47,joMcts.py,_joMcts_jia_.py,1542.43,1525.83
48,_joMcts_jia_.py,joMcts.py,1510.59,1557.67
49,joAgent2.py,priya_heu.py,1661.2,1506.4
50,priya_heu.py,joAgent2.py,1497.09,1670.51
51,baselineTeam.py,HeuristicTeam.py,1244.22,1534.01
52,HeuristicTeam.py,baselineTeam.py,1539.09,1239.14
53,joAgent.py,joAgent2.py,1575.92,1682.79
54,joAgent2.py,joAgent.py,1694.02,1564.69
55,joAgent.py,joMcts.py,1548.37,1573.99
56,joMcts.py,joAgent.py,1588.82,1533.55
1,joAgent2.py,HeuristicTeam.py,1671.32,1561.78
2,HeuristicTeam.py,joAgent2.py,1550.67,1682.44
3,priya_heu_2.py,joAgent.py,1387.66,1543.59
4,joAgent.py,priya_heu_2.py,1552.86,1378.4
5,joMcts.py,priya_heu.py,1600.69,1485.22
6,priya_heu.py,joMcts.py,1474.35,1611.56
7,priya_heu_2.py,HeuristicTeam.py,1369.74,1559.32
8,HeuristicTeam.py,priya_heu_2.py,1551.37,1377.7
9,baselineTeam.py,HeuristicTeam.py,1234.59,1555.92
10,HeuristicTeam.py,baselineTeam.py,1560.27,1230.24
11,priya_heu.py,HeuristicTeam.py,1494.23,1540.39
12,HeuristicTeam.py,priya_heu.py,1522.28,1512.34
13,joAgent.py,HeuristicTeam.py,1551.45,1523.68
14,HeuristicTeam.py,joAgent.py,1540.96,1534.18
15,joAgent2.py,priya_heu.py,1691.18,1503.6
16,priya_heu.py,joAgent2.py,1511.49,1683.29
17,priya_heu_2.py,_joMcts_jia_.py,1367.53,1520.76
18,_joMcts_jia_.py,priya_heu_2.py,1514.12,1374.17
19,priya_heu_2.py,priya_heu.py,1364.18,1521.48
20,priya_heu.py,priya_heu_2.py,1498.69,1386.97
21,priya_heu_2.py,joAgent2.py,1382.05,1688.21
22,joAgent2.py,priya_heu_2.py,1692.9,1377.36
23,joMcts.py,_joMcts_jia_.py,1607.18,1518.5
24,_joMcts_jia_.py,joMcts.py,1538.49,1587.19
25,HeuristicTeam.py,_joMcts_jia_.py,1556.84,1522.61
26,_joMcts_jia_.py,HeuristicTeam.py,1540.18,1539.27
27,joAgent2.py,baselineTeam.py,1694.98,1228.16
28,baselineTeam.py,joAgent2.py,1226.12,1697.02
29,joAgent.py,baselineTeam.py,1538.82,1221.47
30,baselineTeam.py,joAgent.py,1217.04,1543.26
31,priya_heu.py,_joMcts_jia_.py,1516.59,1522.28
32,_joMcts_jia_.py,priya_heu.py,1538.02,1500.85
33,joAgent.py,joMcts.py,1529.27,1601.17
34,joMcts.py,joAgent.py,1581.91,1548.53
35,joMcts.py,joAgent2.py,1571.02,1707.91
36,joAgent2.py,joMcts.py,1717.91,1561.02
37,joAgent2.py,_joMcts_jia_.py,1726.29,1529.63
38,_joMcts_jia_.py,joAgent2.py,1521.83,1734.09
39,joMcts.py,HeuristicTeam.py,1560.02,1540.27
40,HeuristicTeam.py,joMcts.py,1557.18,1543.11
41,baselineTeam.py,_joMcts_jia_.py,1212.32,1526.55
42,_joMcts_jia_.py,baselineTeam.py,1531.05,1207.81
43,priya_heu_2.py,joMcts.py,1368.46,1552.01
44,joMcts.py,priya_heu_2.py,1544.26,1376.21
45,joMcts.py,baselineTeam.py,1548.3,1203.78
46,baselineTeam.py,joMcts.py,1199.91,1552.17
47,priya_heu_2.py,baselineTeam.py,1384.72,1191.4
48,baselineTeam.py,priya_heu_2.py,1183.48,1392.63
49,joAgent.py,joAgent2.py,1556.35,1726.28
50,joAgent2.py,joAgent.py,1703.02,1579.61
51,baselineTeam.py,priya_heu.py,1179.05,1505.29
52,priya_heu.py,baselineTeam.py,1509.53,1174.8
53,joAgent.py,_joMcts_jia_.py,1561.38,1549.28
54,_joMcts_jia_.py,joAgent.py,1533.83,1576.83
55,joAgent.py,priya_heu.py,1557.77,1528.59
56,priya_heu.py,joAgent.py,1513.93,1572.43
1,joAgent.py,_joMcts_jia_.py,1554.66,1551.6
2,_joMcts_jia_.py,joAgent.py,1551.74,1554.51
3,joAgent2.py,_joMcts_jia_.py,1712.47,1542.3
4,_joMcts_jia_.py,joAgent2.py,1565.57,1689.2
5,joAgent.py,baselineTeam.py,1557.75,1171.57
6,baselineTeam.py,joAgent.py,1168.44,1560.87
7,joAgent2.py,baselineTeam.py,1690.72,1166.92
8,baselineTeam.py,joAgent2.py,1165.43,1692.22
9,joMcts.py,_joMcts_jia_.py,1536.78,1580.95
10,_joMcts_jia_.py,joMcts.py,1594.93,1522.81
11,joAgent.py,priya_heu.py,1574.73,1500.08
12,priya_heu.py,joAgent.py,1519.47,1555.34
13,priya_heu_2.py,_joMcts_jia_.py,1385.02,1602.54
14,_joMcts_jia_.py,priya_heu_2.py,1609.65,1377.91
15,priya_heu.py,HeuristicTeam.py,1505.2,1571.45
16,HeuristicTeam.py,priya_heu.py,1552.44,1524.21
17,joMcts.py,priya_heu.py,1506.87,1540.15
18,priya_heu.py,joMcts.py,1522.62,1524.4
19,priya_heu_2.py,baselineTeam.py,1385.18,1158.15
20,baselineTeam.py,priya_heu_2.py,1151.33,1392.0
21,joAgent.py,joMcts.py,1537.92,1541.82
22,joMcts.py,joAgent.py,1557.64,1522.1
23,joAgent.py,HeuristicTeam.py,1507.49,1567.04
24,HeuristicTeam.py,joAgent.py,1580.33,1494.21
25,priya_heu_2.py,HeuristicTeam.py,1383.91,1588.41
26,HeuristicTeam.py,priya_heu_2.py,1579.95,1392.38
27,priya_heu_2.py,priya_heu.py,1382.11,1532.89
28,priya_heu.py,priya_heu_2.py,1510.35,1404.65
29,joAgent2.py,HeuristicTeam.py,1671.22,1600.95
30,HeuristicTeam.py,joAgent2.py,1620.14,1652.03
31,joAgent.py,joAgent2.py,1485.01,1661.22
32,joAgent2.py,joAgent.py,1669.74,1476.5
33,baselineTeam.py,HeuristicTeam.py,1149.32,1622.16
34,HeuristicTeam.py,baselineTeam.py,1624.13,1147.34
35,priya_heu_2.py,joMcts.py,1395.27,1567.02
36,joMcts.py,priya_heu_2.py,1575.7,1386.59
